{
	"gneJ1_to_gneJ0": {
		"true_coords": [[50.0,0.0],[0.0,0.0]],
		"normal_coords": [[0.2857142857142857,0.5],[0.0,0.5]]
	},
	"gneJ3_to_gneJ1": {
		"true_coords": [[125.0,0.0],[50.0,0.0]],
		"normal_coords": [[0.7142857142857143,0.5],[0.2857142857142857,0.5]]
	},
	"gneJ5_to_gneJ3": {
		"true_coords": [[175.0,0.0],[125.0,0.0]],
		"normal_coords": [[1.0,0.5],[0.7142857142857143,0.5]]
	},
	"gneJ6_to_gneJ1": {
		"true_coords": [[75.0,25.0],[50.0,0.0]],
		"normal_coords": [[0.42857142857142855,1.0],[0.2857142857142857,0.5]]
	},
	"gneJ3_to_gneJ6": {
		"true_coords": [[125.0,0.0],[75.0,25.0]],
		"normal_coords": [[0.7142857142857143,0.5],[0.42857142857142855,1.0]]
	},
	"gneJ9_to_gneJ1": {
		"true_coords": [[100.0,-25.0],[50.0,0.0]],
		"normal_coords": [[0.5714285714285714,0.0],[0.2857142857142857,0.5]]
	},
	"gneJ3_to_gneJ9": {
		"true_coords": [[125.0,0.0],[100.0,-25.0]],
		"normal_coords": [[0.7142857142857143,0.5],[0.5714285714285714,0.0]]
	},
	"gneJ0_to_gneJ1": {
		"true_coords": [[0.0,0.0],[50.0,0.0]],
		"normal_coords": [[0.0,0.5],[0.2857142857142857,0.5]]
	},
	"gneJ1_to_gneJ3": {
		"true_coords": [[50.0,0.0],[125.0,0.0]],
		"normal_coords": [[0.2857142857142857,0.5],[0.7142857142857143,0.5]]
	},
	"gneJ3_to_gneJ5": {
		"true_coords": [[125.0,0.0],[175.0,0.0]],
		"normal_coords": [[0.7142857142857143,0.5],[1.0,0.5]]
	},
	"gneJ1_to_gneJ6": {
		"true_coords": [[50.0,0.0],[75.0,25.0]],
		"normal_coords": [[0.2857142857142857,0.5],[0.42857142857142855,1.0]]
	},
	"gneJ6_to_gneJ3": {
		"true_coords": [[75.0,25.0],[125.0,0.0]],
		"normal_coords": [[0.42857142857142855,1.0],[0.7142857142857143,0.5]]
	},
	"gneJ1_to_gneJ9": {
		"true_coords": [[50.0,0.0],[100.0,-25.0]],
		"normal_coords": [[0.2857142857142857,0.5],[0.5714285714285714,0.0]]
	},
	"gneJ9_to_gneJ3": {
		"true_coords": [[100.0,-25.0],[125.0,0.0]],
		"normal_coords": [[0.5714285714285714,0.0],[0.7142857142857143,0.5]]
	}
}